lat,lon
61.0666922,-107.9917071
61.0666922,-107.9917071
24.8667795,67.0311286
24.8667795,67.0311286
24.8667795,67.0311286
24.8667795,67.0311286
24.8667795,67.0311286
24.8667795,67.0311286
24.8667795,67.0311286
24.8667795,67.0311286
24.8667795,67.0311286
24.8667795,67.0311286
24.8667795,67.0311286
24.8667795,67.0311286
24.8667795,67.0311286
24.8667795,67.0311286
24.8667795,67.0311286
24.8667795,67.0311286
24.8667795,67.0311286
24.8667795,67.0311286
38.9959081,-77.0288918
61.0666922,-107.9917071
61.0666922,-107.9917071
24.8667795,67.0311286
24.8667795,67.0311286
24.8667795,67.0311286
24.8667795,67.0311286
24.8667795,67.0311286
24.8667795,67.0311286
24.8667795,67.0311286
24.8667795,67.0311286
24.8667795,67.0311286
24.8667795,67.0311286
24.8667795,67.0311286
24.8667795,67.0311286
24.8667795,67.0311286
24.8667795,67.0311286
24.8667795,67.0311286
24.8667795,67.0311286
24.8667795,67.0311286
24.8667795,67.0311286
38.9959081,-77.0288918
39.7837304,-100.4458825
39.7837304,-100.4458825
41.3828939,2.1774322
41.3828939,2.1774322
41.3828939,2.1774322
41.3828939,2.1774322
41.3828939,2.1774322
39.0016194,-77.4032011
33.80285515,-117.913241573645
33.80285515,-117.913241573645
33.4709714,-81.9748429
33.4709714,-81.9748429
33.4709714,-81.9748429
33.4709714,-81.9748429
33.4709714,-81.9748429
33.4709714,-81.9748429
33.4709714,-81.9748429
33.4709714,-81.9748429
33.4709714,-81.9748429
33.4709714,-81.9748429
33.4709714,-81.9748429
33.4709714,-81.9748429
33.4709714,-81.9748429
33.4709714,-81.9748429
33.4709714,-81.9748429
33.4709714,-81.9748429
33.4709714,-81.9748429
33.4709714,-81.9748429
33.4709714,-81.9748429
33.4709714,-81.9748429
33.4709714,-81.9748429
33.4709714,-81.9748429
33.4709714,-81.9748429
33.4709714,-81.9748429
33.4709714,-81.9748429
43.6211955,-84.6824346
43.6211955,-84.6824346
51.4579431,-2.59572141232345
41.7313447,-111.8348631
41.7313447,-111.8348631
6.4550575,3.3941795
-33.928992,18.417396
-33.928992,18.417396
53.3261292,-2.2327511
6.4550575,3.3941795
6.4550575,3.3941795
36.4072485,-105.5730665
36.4072485,-105.5730665
37.7884969,-122.3558473
37.7884969,-122.3558473
37.7884969,-122.3558473
37.7884969,-122.3558473
37.7884969,-122.3558473
37.7884969,-122.3558473
37.7884969,-122.3558473
37.7884969,-122.3558473
37.7884969,-122.3558473
37.7884969,-122.3558473
37.7884969,-122.3558473
37.7884969,-122.3558473
37.7884969,-122.3558473
37.7884969,-122.3558473
37.7884969,-122.3558473
37.7884969,-122.3558473
37.7884969,-122.3558473
37.7884969,-122.3558473
37.7884969,-122.3558473
37.7884969,-122.3558473
37.7884969,-122.3558473
40.7305991,-73.9865812
32.7762719,-96.7968559
32.7762719,-96.7968559
37.7884969,-122.3558473
37.7884969,-122.3558473
38.8949549,-77.0366456
34.054935,-118.244476
34.054935,-118.244476
52.7954791,-0.540240286617432
52.7954791,-0.540240286617432
53.5120412,-2.2434612
53.5120412,-2.2434612
53.5120412,-2.2434612
53.5120412,-2.2434612
53.535411,-113.507996
55.670249,10.3333283
55.670249,10.3333283
-6.5247123,35.7878438
51.8400523,-0.0978551922452396
51.8400523,-0.0978551922452396
52.00050305,8.25924364966236
39.7837304,-100.4458825
39.7837304,-100.4458825
-37.8142176,144.9631608
-37.8142176,144.9631608
55.85881005,-4.00208685912683
55.85881005,-4.00208685912683
41.3828939,2.1774322
41.3828939,2.1774322
41.3828939,2.1774322
29.9499323,-90.0701156
41.8933203,12.4829321
41.8933203,12.4829321
42.8804219,-8.5458608
38.8051095,-77.0470229
38.8051095,-77.0470229
17.9640988,102.6133707
17.9640988,102.6133707
-25.4038478,32.8067946
-25.4038478,32.8067946
40.3977612,-105.0749801
41.8755546,-87.6244212
41.8755546,-87.6244212
48.754402,-122.4788602
54.7023545,-3.2765753
38.8949549,-77.0366456
40.7305991,-73.9865812
40.7305991,-73.9865812
40.7305991,-73.9865812
36.5748441,139.2394179
38.7651145,-76.8983059
38.7651145,-76.8983059
34.2331373,-102.4107493
34.2331373,-102.4107493
34.2331373,-102.4107493
34.2331373,-102.4107493
41.8850317,-87.7845025
41.8850317,-87.7845025
29.7589382,-95.3676974
29.7589382,-95.3676974
61.0666922,-107.9917071
48.2083537,16.3725042
33.7500378,-117.8704931
53.7414271,-1.72020037667772
53.7414271,-1.72020037667772
8.0300284,-1.0800271
43.653963,-79.387207
43.653963,-79.387207
43.653963,-79.387207
38.8949549,-77.0366456
38.8949549,-77.0366456
38.8949549,-77.0366456
38.8949549,-77.0366456
38.8949549,-77.0366456
38.8949549,-77.0366456
38.8949549,-77.0366456
40.5462553,-74.4660408
33.7490987,-84.3901849
33.7490987,-84.3901849
33.7490987,-84.3901849
33.4144139,-111.9094474
27.7567667,-81.4639835
28.6138967,77.2159562
28.6138967,77.2159562
28.6138967,77.2159562
28.6138967,77.2159562
45.679984,-111.044675
43.7283874,-79.34914879325
43.7283874,-79.34914879325
43.7283874,-79.34914879325
43.7283874,-79.34914879325
43.7283874,-79.34914879325
-35.4883502,149.0026942
-35.4883502,149.0026942
17.41500345,78.4193658848225
17.41500345,78.4193658848225
51.5073219,-0.1276474
51.5073219,-0.1276474
51.5073219,-0.1276474
51.5073219,-0.1276474
12.8831063,77.7501677
40.9012101,-74.5143232
52.2385239,-0.902493
52.2385239,-0.902493
52.2385239,-0.902493
52.2385239,-0.902493
52.2385239,-0.902493
52.2385239,-0.902493
52.2385239,-0.902493
38.9848265,-77.0946459
52.2385239,-0.902493
52.2385239,-0.902493
52.2385239,-0.902493
52.2385239,-0.902493
-4.78192905,11.8588903424959
-4.78192905,11.8588903424959
42.988576,-81.246643
42.988576,-81.246643
42.988576,-81.246643
42.988576,-81.246643
42.988576,-81.246643
42.988576,-81.246643
42.988576,-81.246643
42.988576,-81.246643
42.988576,-81.246643
42.988576,-81.246643
42.988576,-81.246643
42.988576,-81.246643
42.988576,-81.246643
42.988576,-81.246643
-13.2687204,33.9301963
53.5120412,-2.2434612
53.5120412,-2.2434612
53.5120412,-2.2434612
53.5120412,-2.2434612
24.8017193,-107.3930507
24.8017193,-107.3930507
41.6521328,-4.728562
41.6521328,-4.728562
41.6521328,-4.728562
7.1626551,125.5773183
7.1626551,125.5773183
40.7305991,-73.9865812
39.7837304,-100.4458825
39.7837304,-100.4458825
39.7837304,-100.4458825
39.7837304,-100.4458825
39.7837304,-100.4458825
39.7837304,-100.4458825
39.7837304,-100.4458825
39.7837304,-100.4458825
39.7837304,-100.4458825
39.7837304,-100.4458825
39.7837304,-100.4458825
39.7837304,-100.4458825
39.7837304,-100.4458825
6.4550575,3.3941795
6.4550575,3.3941795
9.6000359,7.9999721
9.6000359,7.9999721
61.0666922,-107.9917071
48.2083537,16.3725042
33.7500378,-117.8704931
53.7414271,-1.72020037667772
53.7414271,-1.72020037667772
8.0300284,-1.0800271
43.653963,-79.387207
43.653963,-79.387207
43.653963,-79.387207
38.8949549,-77.0366456
38.8949549,-77.0366456
38.8949549,-77.0366456
38.8949549,-77.0366456
38.8949549,-77.0366456
38.8949549,-77.0366456
38.8949549,-77.0366456
40.5462553,-74.4660408
33.7490987,-84.3901849
33.7490987,-84.3901849
33.7490987,-84.3901849
33.4144139,-111.9094474
27.7567667,-81.4639835
28.6138967,77.2159562
28.6138967,77.2159562
28.6138967,77.2159562
28.6138967,77.2159562
45.679984,-111.044675
43.7283874,-79.34914879325
43.7283874,-79.34914879325
43.7283874,-79.34914879325
43.7283874,-79.34914879325
43.7283874,-79.34914879325
-35.4883502,149.0026942
-35.4883502,149.0026942
17.41500345,78.4193658848225
17.41500345,78.4193658848225
51.5073219,-0.1276474
51.5073219,-0.1276474
51.5073219,-0.1276474
51.5073219,-0.1276474
12.8831063,77.7501677
40.9012101,-74.5143232
52.2385239,-0.902493
52.2385239,-0.902493
52.2385239,-0.902493
52.2385239,-0.902493
52.2385239,-0.902493
52.2385239,-0.902493
52.2385239,-0.902493
38.9848265,-77.0946459
52.2385239,-0.902493
52.2385239,-0.902493
52.2385239,-0.902493
52.2385239,-0.902493
-4.78192905,11.8588903424959
-4.78192905,11.8588903424959
42.988576,-81.246643
42.988576,-81.246643
42.988576,-81.246643
42.988576,-81.246643
42.988576,-81.246643
42.988576,-81.246643
42.988576,-81.246643
42.988576,-81.246643
42.988576,-81.246643
42.988576,-81.246643
42.988576,-81.246643
42.988576,-81.246643
42.988576,-81.246643
42.988576,-81.246643
-13.2687204,33.9301963
53.5120412,-2.2434612
53.5120412,-2.2434612
53.5120412,-2.2434612
53.5120412,-2.2434612
24.8017193,-107.3930507
24.8017193,-107.3930507
41.6521328,-4.728562
41.6521328,-4.728562
41.6521328,-4.728562
7.1626551,125.5773183
7.1626551,125.5773183
40.7305991,-73.9865812
39.7837304,-100.4458825
39.7837304,-100.4458825
39.7837304,-100.4458825
39.7837304,-100.4458825
39.7837304,-100.4458825
39.7837304,-100.4458825
39.7837304,-100.4458825
39.7837304,-100.4458825
39.7837304,-100.4458825
39.7837304,-100.4458825
39.7837304,-100.4458825
39.7837304,-100.4458825
39.7837304,-100.4458825
6.4550575,3.3941795
6.4550575,3.3941795
9.6000359,7.9999721
9.6000359,7.9999721
61.0666922,-107.9917071
48.2083537,16.3725042
33.7500378,-117.8704931
53.7414271,-1.72020037667772
53.7414271,-1.72020037667772
8.0300284,-1.0800271
43.653963,-79.387207
43.653963,-79.387207
43.653963,-79.387207
38.8949549,-77.0366456
38.8949549,-77.0366456
38.8949549,-77.0366456
38.8949549,-77.0366456
38.8949549,-77.0366456
38.8949549,-77.0366456
38.8949549,-77.0366456
40.5462553,-74.4660408
33.7490987,-84.3901849
33.7490987,-84.3901849
33.7490987,-84.3901849
33.4144139,-111.9094474
27.7567667,-81.4639835
28.6138967,77.2159562
28.6138967,77.2159562
28.6138967,77.2159562
28.6138967,77.2159562
45.679984,-111.044675
43.7283874,-79.34914879325
43.7283874,-79.34914879325
43.7283874,-79.34914879325
43.7283874,-79.34914879325
43.7283874,-79.34914879325
-35.4883502,149.0026942
-35.4883502,149.0026942
17.41500345,78.4193658848225
17.41500345,78.4193658848225
51.5073219,-0.1276474
51.5073219,-0.1276474
51.5073219,-0.1276474
51.5073219,-0.1276474
12.8831063,77.7501677
40.9012101,-74.5143232
52.2385239,-0.902493
52.2385239,-0.902493
52.2385239,-0.902493
52.2385239,-0.902493
52.2385239,-0.902493
52.2385239,-0.902493
52.2385239,-0.902493
38.9848265,-77.0946459
52.2385239,-0.902493
52.2385239,-0.902493
52.2385239,-0.902493
52.2385239,-0.902493
-4.78192905,11.8588903424959
-4.78192905,11.8588903424959
42.988576,-81.246643
42.988576,-81.246643
42.988576,-81.246643
42.988576,-81.246643
42.988576,-81.246643
42.988576,-81.246643
42.988576,-81.246643
42.988576,-81.246643
42.988576,-81.246643
42.988576,-81.246643
42.988576,-81.246643
42.988576,-81.246643
42.988576,-81.246643
42.988576,-81.246643
-13.2687204,33.9301963
53.5120412,-2.2434612
53.5120412,-2.2434612
53.5120412,-2.2434612
53.5120412,-2.2434612
24.8017193,-107.3930507
24.8017193,-107.3930507
41.6521328,-4.728562
41.6521328,-4.728562
41.6521328,-4.728562
7.1626551,125.5773183
7.1626551,125.5773183
40.7305991,-73.9865812
39.7837304,-100.4458825
39.7837304,-100.4458825
39.7837304,-100.4458825
39.7837304,-100.4458825
39.7837304,-100.4458825
39.7837304,-100.4458825
39.7837304,-100.4458825
39.7837304,-100.4458825
39.7837304,-100.4458825
39.7837304,-100.4458825
39.7837304,-100.4458825
39.7837304,-100.4458825
39.7837304,-100.4458825
6.4550575,3.3941795
6.4550575,3.3941795
9.6000359,7.9999721
9.6000359,7.9999721
61.0666922,-107.9917071
48.2083537,16.3725042
33.7500378,-117.8704931
53.7414271,-1.72020037667772
53.7414271,-1.72020037667772
8.0300284,-1.0800271
43.653963,-79.387207
43.653963,-79.387207
43.653963,-79.387207
38.8949549,-77.0366456
38.8949549,-77.0366456
38.8949549,-77.0366456
38.8949549,-77.0366456
38.8949549,-77.0366456
38.8949549,-77.0366456
38.8949549,-77.0366456
40.5462553,-74.4660408
33.7490987,-84.3901849
33.7490987,-84.3901849
33.7490987,-84.3901849
33.4144139,-111.9094474
27.7567667,-81.4639835
28.6138967,77.2159562
28.6138967,77.2159562
28.6138967,77.2159562
28.6138967,77.2159562
45.679984,-111.044675
43.7283874,-79.34914879325
43.7283874,-79.34914879325
43.7283874,-79.34914879325
43.7283874,-79.34914879325
43.7283874,-79.34914879325
-35.4883502,149.0026942
-35.4883502,149.0026942
17.41500345,78.4193658848225
17.41500345,78.4193658848225
51.5073219,-0.1276474
51.5073219,-0.1276474
51.5073219,-0.1276474
51.5073219,-0.1276474
12.8831063,77.7501677
40.9012101,-74.5143232
52.2385239,-0.902493
52.2385239,-0.902493
52.2385239,-0.902493
52.2385239,-0.902493
52.2385239,-0.902493
52.2385239,-0.902493
52.2385239,-0.902493
38.9848265,-77.0946459
52.2385239,-0.902493
52.2385239,-0.902493
52.2385239,-0.902493
52.2385239,-0.902493
-4.78192905,11.8588903424959
-4.78192905,11.8588903424959
42.988576,-81.246643
42.988576,-81.246643
42.988576,-81.246643
42.988576,-81.246643
42.988576,-81.246643
42.988576,-81.246643
42.988576,-81.246643
42.988576,-81.246643
42.988576,-81.246643
42.988576,-81.246643
42.988576,-81.246643
42.988576,-81.246643
42.988576,-81.246643
42.988576,-81.246643
-13.2687204,33.9301963
53.5120412,-2.2434612
53.5120412,-2.2434612
53.5120412,-2.2434612
53.5120412,-2.2434612
24.8017193,-107.3930507
24.8017193,-107.3930507
41.6521328,-4.728562
41.6521328,-4.728562
41.6521328,-4.728562
7.1626551,125.5773183
7.1626551,125.5773183
40.7305991,-73.9865812
39.7837304,-100.4458825
39.7837304,-100.4458825
39.7837304,-100.4458825
39.7837304,-100.4458825
39.7837304,-100.4458825
39.7837304,-100.4458825
39.7837304,-100.4458825
39.7837304,-100.4458825
39.7837304,-100.4458825
39.7837304,-100.4458825
39.7837304,-100.4458825
39.7837304,-100.4458825
39.7837304,-100.4458825
6.4550575,3.3941795
6.4550575,3.3941795
9.6000359,7.9999721
9.6000359,7.9999721
61.0666922,-107.9917071
48.2083537,16.3725042
33.7500378,-117.8704931
53.7414271,-1.72020037667772
53.7414271,-1.72020037667772
8.0300284,-1.0800271
43.653963,-79.387207
43.653963,-79.387207
43.653963,-79.387207
38.8949549,-77.0366456
38.8949549,-77.0366456
38.8949549,-77.0366456
38.8949549,-77.0366456
38.8949549,-77.0366456
38.8949549,-77.0366456
38.8949549,-77.0366456
40.5462553,-74.4660408
33.7490987,-84.3901849
33.7490987,-84.3901849
33.7490987,-84.3901849
33.4144139,-111.9094474
27.7567667,-81.4639835
28.6138967,77.2159562
28.6138967,77.2159562
28.6138967,77.2159562
28.6138967,77.2159562
45.679984,-111.044675
43.7283874,-79.34914879325
43.7283874,-79.34914879325
43.7283874,-79.34914879325
43.7283874,-79.34914879325
43.7283874,-79.34914879325
-35.4883502,149.0026942
-35.4883502,149.0026942
17.41500345,78.4193658848225
17.41500345,78.4193658848225
51.5073219,-0.1276474
51.5073219,-0.1276474
51.5073219,-0.1276474
51.5073219,-0.1276474
12.8831063,77.7501677
40.9012101,-74.5143232
52.2385239,-0.902493
52.2385239,-0.902493
52.2385239,-0.902493
52.2385239,-0.902493
52.2385239,-0.902493
52.2385239,-0.902493
52.2385239,-0.902493
38.9848265,-77.0946459
52.2385239,-0.902493
52.2385239,-0.902493
52.2385239,-0.902493
52.2385239,-0.902493
-4.78192905,11.8588903424959
-4.78192905,11.8588903424959
42.988576,-81.246643
42.988576,-81.246643
42.988576,-81.246643
42.988576,-81.246643
42.988576,-81.246643
42.988576,-81.246643
42.988576,-81.246643
42.988576,-81.246643
42.988576,-81.246643
42.988576,-81.246643
42.988576,-81.246643
42.988576,-81.246643
42.988576,-81.246643
42.988576,-81.246643
-13.2687204,33.9301963
53.5120412,-2.2434612
53.5120412,-2.2434612
53.5120412,-2.2434612
53.5120412,-2.2434612
24.8017193,-107.3930507
24.8017193,-107.3930507
41.6521328,-4.728562
41.6521328,-4.728562
41.6521328,-4.728562
7.1626551,125.5773183
7.1626551,125.5773183
40.7305991,-73.9865812
39.7837304,-100.4458825
39.7837304,-100.4458825
39.7837304,-100.4458825
39.7837304,-100.4458825
39.7837304,-100.4458825
39.7837304,-100.4458825
39.7837304,-100.4458825
39.7837304,-100.4458825
39.7837304,-100.4458825
39.7837304,-100.4458825
39.7837304,-100.4458825
39.7837304,-100.4458825
39.7837304,-100.4458825
6.4550575,3.3941795
6.4550575,3.3941795
9.6000359,7.9999721
9.6000359,7.9999721
61.0666922,-107.9917071
48.2083537,16.3725042
33.7500378,-117.8704931
53.7414271,-1.72020037667772
53.7414271,-1.72020037667772
8.0300284,-1.0800271
43.653963,-79.387207
43.653963,-79.387207
43.653963,-79.387207
38.8949549,-77.0366456
38.8949549,-77.0366456
38.8949549,-77.0366456
38.8949549,-77.0366456
38.8949549,-77.0366456
38.8949549,-77.0366456
38.8949549,-77.0366456
40.5462553,-74.4660408
33.7490987,-84.3901849
33.7490987,-84.3901849
33.7490987,-84.3901849
33.4144139,-111.9094474
27.7567667,-81.4639835
28.6138967,77.2159562
28.6138967,77.2159562
28.6138967,77.2159562
28.6138967,77.2159562
45.679984,-111.044675
43.7283874,-79.34914879325
43.7283874,-79.34914879325
43.7283874,-79.34914879325
43.7283874,-79.34914879325
43.7283874,-79.34914879325
-35.4883502,149.0026942
-35.4883502,149.0026942
17.41500345,78.4193658848225
17.41500345,78.4193658848225
51.5073219,-0.1276474
51.5073219,-0.1276474
51.5073219,-0.1276474
51.5073219,-0.1276474
12.8831063,77.7501677
40.9012101,-74.5143232
52.2385239,-0.902493
52.2385239,-0.902493
52.2385239,-0.902493
52.2385239,-0.902493
52.2385239,-0.902493
52.2385239,-0.902493
52.2385239,-0.902493
38.9848265,-77.0946459
52.2385239,-0.902493
52.2385239,-0.902493
52.2385239,-0.902493
52.2385239,-0.902493
-4.78192905,11.8588903424959
-4.78192905,11.8588903424959
42.988576,-81.246643
42.988576,-81.246643
42.988576,-81.246643
42.988576,-81.246643
42.988576,-81.246643
42.988576,-81.246643
42.988576,-81.246643
42.988576,-81.246643
42.988576,-81.246643
42.988576,-81.246643
42.988576,-81.246643
42.988576,-81.246643
42.988576,-81.246643
42.988576,-81.246643
-13.2687204,33.9301963
53.5120412,-2.2434612
53.5120412,-2.2434612
53.5120412,-2.2434612
53.5120412,-2.2434612
24.8017193,-107.3930507
24.8017193,-107.3930507
41.6521328,-4.728562
41.6521328,-4.728562
41.6521328,-4.728562
7.1626551,125.5773183
7.1626551,125.5773183
40.7305991,-73.9865812
39.7837304,-100.4458825
39.7837304,-100.4458825
39.7837304,-100.4458825
39.7837304,-100.4458825
39.7837304,-100.4458825
39.7837304,-100.4458825
39.7837304,-100.4458825
39.7837304,-100.4458825
39.7837304,-100.4458825
39.7837304,-100.4458825
39.7837304,-100.4458825
39.7837304,-100.4458825
39.7837304,-100.4458825
6.4550575,3.3941795
6.4550575,3.3941795
9.6000359,7.9999721
9.6000359,7.9999721
47.6038321,-122.3300624
47.6038321,-122.3300624
41.7412166,-70.5989196
28.6138967,77.2159562
-0.21059,-78.846222
-0.21059,-78.846222
-0.21059,-78.846222
-0.21059,-78.846222
39.7837304,-100.4458825
39.7837304,-100.4458825
26.9266939,-80.1220891180725
26.9266939,-80.1220891180725
26.9266939,-80.1220891180725
26.9266939,-80.1220891180725
34.914934,134.860666
34.914934,134.860666
33.9590388,-118.385233107297
33.9590388,-118.385233107297
61.0666922,-107.9917071
61.0666922,-107.9917071
61.0666922,-107.9917071
-28.774491,32.055503
34.054935,-118.244476
34.054935,-118.244476
54.31536155,-1.91802349480124
54.31536155,-1.91802349480124
43.6211955,-84.6824346
43.6211955,-84.6824346
55.001251,-115.002136
55.001251,-115.002136
9.6000359,7.9999721
9.6000359,7.9999721
9.6000359,7.9999721
9.6000359,7.9999721
9.6000359,7.9999721
9.6000359,7.9999721
9.6000359,7.9999721
9.6000359,7.9999721
9.6000359,7.9999721
9.6000359,7.9999721
9.6000359,7.9999721
9.6000359,7.9999721
-33.928992,18.417396
-33.928992,18.417396
-33.928992,18.417396
-33.928992,18.417396
-33.928992,18.417396
6.4550575,3.3941795
6.4550575,3.3941795
6.4550575,3.3941795
6.4550575,3.3941795
6.4550575,3.3941795
-24.7761086,134.755
-24.7761086,134.755
-24.7761086,134.755
-24.7761086,134.755
-24.7761086,134.755
-24.7761086,134.755
-24.7761086,134.755
-24.7761086,134.755
35.9940329,-78.898619
35.9940329,-78.898619
32.7174209,-117.1627714
32.7174209,-117.1627714
36.548132,-121.919599
36.548132,-121.919599
36.548132,-121.919599
37.1232245,-78.4927721
40.8835775,-74.1423725
18,121.833333
18,121.833333
40.4167047,-3.7035825
40.4167047,-3.7035825
47.3752671,-109.6387579
36.9958841,-85.9119215
36.9958841,-85.9119215
10.3825318,7.8533226
51.1263106,16.9781963305126
51.1263106,16.9781963305126
19.4326009,-99.1333416
6.4550575,3.3941795
-1.9615741,-79.7251086
-1.9615741,-79.7251086
18.9321862,72.8308337
39.0840054,-77.1527573
32.5008626,-116.9641657
32.5008626,-116.9641657
38.9959081,-77.0288918
8.0018709,-66.1109318
39.2908816,-76.610759
39.2908816,-76.610759
54.7023545,-3.2765753
54.7023545,-3.2765753
-33.8548157,151.2164539
-33.8548157,151.2164539
37.9513575,-91.771792
37.9513575,-91.771792
-34.6075616,-58.437076
-23.6672543,-51.3554556
-23.6672543,-51.3554556
51.0834196,10.4234469
51.0834196,10.4234469
33.5091215,-111.8992365
33.5091215,-111.8992365
28.6138967,77.2159562
28.6138967,77.2159562
54.7023545,-3.2765753
54.7023545,-3.2765753
54.7023545,-3.2765753
54.7023545,-3.2765753
40.7223135,-73.987708934901
40.7223135,-73.987708934901
51.4929971,-0.1409445
51.4929971,-0.1409445
51.5073219,-0.1276474
51.5073219,-0.1276474
51.5073219,-0.1276474
51.5073219,-0.1276474
51.5073219,-0.1276474
51.5073219,-0.1276474
51.5073219,-0.1276474
51.5073219,-0.1276474
51.5073219,-0.1276474
51.5073219,-0.1276474
51.5073219,-0.1276474
40.7902778,-73.9597222
20.0171109,103.378253
54.7023545,-3.2765753
10.4642386,-64.1724782
10.4642386,-64.1724782
40.0145566,-75.1915675
40.0145566,-75.1915675
61.0666922,-107.9917071
48.2083537,16.3725042
33.7500378,-117.8704931
53.7414271,-1.72020037667772
53.7414271,-1.72020037667772
8.0300284,-1.0800271
43.653963,-79.387207
43.653963,-79.387207
43.653963,-79.387207
38.8949549,-77.0366456
38.8949549,-77.0366456
38.8949549,-77.0366456
38.8949549,-77.0366456
38.8949549,-77.0366456
38.8949549,-77.0366456
38.8949549,-77.0366456
40.5462553,-74.4660408
33.7490987,-84.3901849
33.7490987,-84.3901849
33.7490987,-84.3901849
33.4144139,-111.9094474
27.7567667,-81.4639835
28.6138967,77.2159562
28.6138967,77.2159562
28.6138967,77.2159562
28.6138967,77.2159562
45.679984,-111.044675
43.7283874,-79.34914879325
43.7283874,-79.34914879325
43.7283874,-79.34914879325
43.7283874,-79.34914879325
43.7283874,-79.34914879325
-35.4883502,149.0026942
-35.4883502,149.0026942
17.41500345,78.4193658848225
17.41500345,78.4193658848225
51.5073219,-0.1276474
51.5073219,-0.1276474
51.5073219,-0.1276474
51.5073219,-0.1276474
12.8831063,77.7501677
40.9012101,-74.5143232
52.2385239,-0.902493
52.2385239,-0.902493
52.2385239,-0.902493
52.2385239,-0.902493
52.2385239,-0.902493
52.2385239,-0.902493
52.2385239,-0.902493
38.9848265,-77.0946459
52.2385239,-0.902493
52.2385239,-0.902493
52.2385239,-0.902493
52.2385239,-0.902493
-4.78192905,11.8588903424959
-4.78192905,11.8588903424959
42.988576,-81.246643
42.988576,-81.246643
42.988576,-81.246643
42.988576,-81.246643
42.988576,-81.246643
42.988576,-81.246643
42.988576,-81.246643
42.988576,-81.246643
42.988576,-81.246643
42.988576,-81.246643
42.988576,-81.246643
42.988576,-81.246643
42.988576,-81.246643
42.988576,-81.246643
-13.2687204,33.9301963
53.5120412,-2.2434612
53.5120412,-2.2434612
53.5120412,-2.2434612
53.5120412,-2.2434612
24.8017193,-107.3930507
24.8017193,-107.3930507
41.6521328,-4.728562
41.6521328,-4.728562
41.6521328,-4.728562
7.1626551,125.5773183
7.1626551,125.5773183
40.7305991,-73.9865812
39.7837304,-100.4458825
39.7837304,-100.4458825
39.7837304,-100.4458825
39.7837304,-100.4458825
39.7837304,-100.4458825
39.7837304,-100.4458825
39.7837304,-100.4458825
39.7837304,-100.4458825
39.7837304,-100.4458825
39.7837304,-100.4458825
39.7837304,-100.4458825
39.7837304,-100.4458825
39.7837304,-100.4458825
6.4550575,3.3941795
6.4550575,3.3941795
9.6000359,7.9999721
9.6000359,7.9999721
47.6038321,-122.3300624
47.6038321,-122.3300624
41.7412166,-70.5989196
28.6138967,77.2159562
-0.21059,-78.846222
-0.21059,-78.846222
-0.21059,-78.846222
-0.21059,-78.846222
39.7837304,-100.4458825
39.7837304,-100.4458825
26.9266939,-80.1220891180725
26.9266939,-80.1220891180725
26.9266939,-80.1220891180725
26.9266939,-80.1220891180725
34.914934,134.860666
34.914934,134.860666
33.9590388,-118.385233107297
33.9590388,-118.385233107297
61.0666922,-107.9917071
61.0666922,-107.9917071
61.0666922,-107.9917071
-28.774491,32.055503
34.054935,-118.244476
34.054935,-118.244476
54.31536155,-1.91802349480124
54.31536155,-1.91802349480124
43.6211955,-84.6824346
43.6211955,-84.6824346
55.001251,-115.002136
55.001251,-115.002136
9.6000359,7.9999721
9.6000359,7.9999721
9.6000359,7.9999721
9.6000359,7.9999721
9.6000359,7.9999721
9.6000359,7.9999721
9.6000359,7.9999721
9.6000359,7.9999721
9.6000359,7.9999721
9.6000359,7.9999721
9.6000359,7.9999721
9.6000359,7.9999721
-33.928992,18.417396
-33.928992,18.417396
-33.928992,18.417396
-33.928992,18.417396
-33.928992,18.417396
6.4550575,3.3941795
6.4550575,3.3941795
6.4550575,3.3941795
6.4550575,3.3941795
6.4550575,3.3941795
-24.7761086,134.755
-24.7761086,134.755
-24.7761086,134.755
-24.7761086,134.755
-24.7761086,134.755
-24.7761086,134.755
-24.7761086,134.755
-24.7761086,134.755
35.9940329,-78.898619
35.9940329,-78.898619
32.7174209,-117.1627714
32.7174209,-117.1627714
36.548132,-121.919599
36.548132,-121.919599
36.548132,-121.919599
37.1232245,-78.4927721
40.8835775,-74.1423725
18,121.833333
18,121.833333
40.4167047,-3.7035825
40.4167047,-3.7035825
47.3752671,-109.6387579
36.9958841,-85.9119215
36.9958841,-85.9119215
10.3825318,7.8533226
51.1263106,16.9781963305126
51.1263106,16.9781963305126
19.4326009,-99.1333416
6.4550575,3.3941795
-1.9615741,-79.7251086
-1.9615741,-79.7251086
18.9321862,72.8308337
39.0840054,-77.1527573
32.5008626,-116.9641657
32.5008626,-116.9641657
38.9959081,-77.0288918
8.0018709,-66.1109318
39.2908816,-76.610759
39.2908816,-76.610759
54.7023545,-3.2765753
54.7023545,-3.2765753
-33.8548157,151.2164539
-33.8548157,151.2164539
37.9513575,-91.771792
37.9513575,-91.771792
-34.6075616,-58.437076
-23.6672543,-51.3554556
-23.6672543,-51.3554556
51.0834196,10.4234469
51.0834196,10.4234469
33.5091215,-111.8992365
33.5091215,-111.8992365
28.6138967,77.2159562
28.6138967,77.2159562
54.7023545,-3.2765753
54.7023545,-3.2765753
54.7023545,-3.2765753
54.7023545,-3.2765753
40.7223135,-73.987708934901
40.7223135,-73.987708934901
51.4929971,-0.1409445
51.4929971,-0.1409445
51.5073219,-0.1276474
51.5073219,-0.1276474
51.5073219,-0.1276474
51.5073219,-0.1276474
51.5073219,-0.1276474
51.5073219,-0.1276474
51.5073219,-0.1276474
51.5073219,-0.1276474
51.5073219,-0.1276474
51.5073219,-0.1276474
51.5073219,-0.1276474
40.7902778,-73.9597222
20.0171109,103.378253
54.7023545,-3.2765753
10.4642386,-64.1724782
10.4642386,-64.1724782
40.0145566,-75.1915675
40.0145566,-75.1915675
61.0666922,-107.9917071
61.0666922,-107.9917071
61.0666922,-107.9917071
40.9012101,-74.5143232
42.4974694,-94.1680158
55.212375,-1.5371408
52.79657515,-0.671822256833873
52.79657515,-0.671822256833873
52.79657515,-0.671822256833873
-1.2832533,36.8172449
-1.2832533,36.8172449
-1.2832533,36.8172449
-1.2832533,36.8172449
-1.2832533,36.8172449
-1.2832533,36.8172449
-1.2832533,36.8172449
-1.2832533,36.8172449
-1.2832533,36.8172449
-1.2832533,36.8172449
-1.2832533,36.8172449
-1.2832533,36.8172449
-1.2832533,36.8172449
-1.2832533,36.8172449
-1.2832533,36.8172449
-1.2832533,36.8172449
-1.2832533,36.8172449
53.5120412,-2.2434612
9.0643305,7.4892974
9.0643305,7.4892974
9.0643305,7.4892974
51.7520131,-1.2578499
51.7520131,-1.2578499
26.4367824,50.1039991
26.4367824,50.1039991
26.4367824,50.1039991
26.4367824,50.1039991
26.4367824,50.1039991
26.4367824,50.1039991
58.9561285,-2.9071142
58.9561285,-2.9071142
47.4375584,14.4670339
47.4375584,14.4670339
-16.680882,-49.2532691
38.8949549,-77.0366456
38.8949549,-77.0366456
54.9214496,-3.103488
40.2828726,-75.6907435
50.8465573,4.351697
50.8465573,4.351697
52.2928116,-3.73893
34.054935,-118.244476
34.054935,-118.244476
34.054935,-118.244476
34.054935,-118.244476
28.6138967,77.2159562
28.6138967,77.2159562
46.7985624,8.2319736
46.7985624,8.2319736
40.0028028,-4.003104
40.0028028,-4.003104
51.4101286,-0.6680194
39.4699014,-0.3759513
39.4699014,-0.3759513
29.7589382,-95.3676974
29.7589382,-95.3676974
29.7589382,-95.3676974
40.0757384,-74.4041622
40.0757384,-74.4041622
40.0757384,-74.4041622
40.0757384,-74.4041622
38.7604815,-92.5617875
38.7604815,-92.5617875
43.7283874,-79.34914879325
22.3511148,78.6677428
22.3511148,78.6677428
22.3511148,78.6677428
22.3511148,78.6677428
40.8078786,-73.9454154
40.8078786,-73.9454154
51.5073219,-0.1276474
51.5073219,-0.1276474
51.5073219,-0.1276474
51.5073219,-0.1276474
51.5073219,-0.1276474
51.5073219,-0.1276474
51.5073219,-0.1276474
1.4419683,38.4313975
1.4419683,38.4313975
1.4419683,38.4313975
1.4419683,38.4313975
1.4419683,38.4313975
1.4419683,38.4313975
1.4419683,38.4313975
1.4419683,38.4313975
1.4419683,38.4313975
1.4419683,38.4313975
1.4419683,38.4313975
12.8831063,77.7501677
12.8831063,77.7501677
12.8831063,77.7501677
12.8831063,77.7501677
12.8831063,77.7501677
12.8831063,77.7501677
12.8831063,77.7501677
33.9550905,-83.3881868
33.9550905,-83.3881868
-24.7761086,134.755
-24.7761086,134.755
38.353738,-0.4901846
45.5202471,-122.6741949
45.5202471,-122.6741949
51.4923137,-0.263818
35.9131996,-79.0558445
35.9131996,-79.0558445
-33.8548157,151.2164539
-33.8548157,151.2164539
24.8667795,67.0311286
53.4791301,-2.2441009
53.4791301,-2.2441009
-13.2687204,33.9301963
-13.2687204,33.9301963
-13.2687204,33.9301963
-13.2687204,33.9301963
33.5831662,-84.3393683
33.5831662,-84.3393683
33.5831662,-84.3393683
33.5831662,-84.3393683
33.5831662,-84.3393683
33.5831662,-84.3393683
33.5831662,-84.3393683
33.5831662,-84.3393683
33.5831662,-84.3393683
33.5831662,-84.3393683
48.9906696,2.2794326
48.9906696,2.2794326
39.7837304,-100.4458825
40.71571095,-73.9990237069961
40.71571095,-73.9990237069961
40.71571095,-73.9990237069961
39.7837304,-100.4458825
39.7837304,-100.4458825
34.054935,-118.244476
34.054935,-118.244476
-6.8142737,39.2803756
-6.8142737,39.2803756
40.7305991,-73.9865812
42.3604823,-71.0595678
42.3604823,-71.0595678
42.3604823,-71.0595678
42.3604823,-71.0595678
42.3604823,-71.0595678
39.7837304,-100.4458825
39.7837304,-100.4458825
39.7837304,-100.4458825
39.7837304,-100.4458825
39.7837304,-100.4458825
39.7837304,-100.4458825
39.7837304,-100.4458825
39.7837304,-100.4458825
39.7837304,-100.4458825
6.4550575,3.3941795
6.4550575,3.3941795
6.4550575,3.3941795
6.4550575,3.3941795
40.0757384,-74.4041622
41.525031,-88.0817252
46.2017559,6.1466014
46.2017559,6.1466014
5.4091179,-4.0422099
41.7412166,-70.5989196
52.2033051,0.124862
52.2033051,0.124862
-1.3397668,-79.3666965
-1.3397668,-79.3666965
5.5600141,-0.2057437
5.5600141,-0.2057437
5.5600141,-0.2057437
39.7837304,-100.4458825
39.7837304,-100.4458825
53.8496383,-2.09676826029956
53.8496383,-2.09676826029956
36.1662859,-115.149225
54.7023545,-3.2765753
54.7023545,-3.2765753
51.0834196,10.4234469
54.8222151,-1.7443197
46.3324378,6.0588831
46.3324378,6.0588831
46.3324378,6.0588831
46.3324378,6.0588831
46.3324378,6.0588831
46.3324378,6.0588831
46.3324378,6.0588831
46.3324378,6.0588831
47.6038321,-122.3300624
47.6038321,-122.3300624
47.6038321,-122.3300624
54.564094,-1.3129164
61.0666922,-107.9917071
61.0666922,-107.9917071
61.0666922,-107.9917071
61.0666922,-107.9917071
61.0666922,-107.9917071
61.0666922,-107.9917071
61.0666922,-107.9917071
47.6038321,-122.3300624
46.0945258,-64.7354772
9.6000359,7.9999721
9.6000359,7.9999721
9.6000359,7.9999721
9.6000359,7.9999721
9.6000359,7.9999721
9.6000359,7.9999721
9.6000359,7.9999721
9.6000359,7.9999721
9.6000359,7.9999721
9.6000359,7.9999721
-33.928992,18.417396
-33.928992,18.417396
-33.928992,18.417396
-33.928992,18.417396
22.3511148,78.6677428
22.3511148,78.6677428
26.9161293,75.8204056
26.9161293,75.8204056
6.4550575,3.3941795
6.4550575,3.3941795
6.4550575,3.3941795
6.4550575,3.3941795
6.4550575,3.3941795
6.4550575,3.3941795
6.4550575,3.3941795
6.4550575,3.3941795
6.4550575,3.3941795
6.4550575,3.3941795
6.4550575,3.3941795
6.4550575,3.3941795
6.4550575,3.3941795
6.4550575,3.3941795
6.4550575,3.3941795
6.4550575,3.3941795
6.4550575,3.3941795
6.4550575,3.3941795
6.4550575,3.3941795
6.4550575,3.3941795
6.4550575,3.3941795
6.4550575,3.3941795
6.4550575,3.3941795
6.4550575,3.3941795
6.4550575,3.3941795
6.4550575,3.3941795
6.4550575,3.3941795
6.4550575,3.3941795
6.4550575,3.3941795
6.4550575,3.3941795
6.4550575,3.3941795
6.4550575,3.3941795
6.4550575,3.3941795
6.4550575,3.3941795
6.4550575,3.3941795
6.4550575,3.3941795
6.4550575,3.3941795
6.4550575,3.3941795
6.4550575,3.3941795
6.4550575,3.3941795
6.4550575,3.3941795
6.4550575,3.3941795
6.4550575,3.3941795
6.4550575,3.3941795
6.4550575,3.3941795
6.4550575,3.3941795
6.4550575,3.3941795
6.4550575,3.3941795
6.4550575,3.3941795
6.4550575,3.3941795
6.4550575,3.3941795
6.4550575,3.3941795
6.4550575,3.3941795
6.4550575,3.3941795
6.4550575,3.3941795
6.4550575,3.3941795
6.4550575,3.3941795
6.4550575,3.3941795
6.4550575,3.3941795
6.4550575,3.3941795
6.4550575,3.3941795
6.4550575,3.3941795
6.4550575,3.3941795
6.4550575,3.3941795
6.4550575,3.3941795
6.4550575,3.3941795
6.4550575,3.3941795
6.4550575,3.3941795
6.4550575,3.3941795
6.4550575,3.3941795
6.4550575,3.3941795
6.4550575,3.3941795
6.4550575,3.3941795
6.4550575,3.3941795
6.4550575,3.3941795
6.4550575,3.3941795
6.4550575,3.3941795
6.4550575,3.3941795
6.4550575,3.3941795
6.4550575,3.3941795
6.4550575,3.3941795
6.4550575,3.3941795
6.4550575,3.3941795
6.4550575,3.3941795
6.4550575,3.3941795
6.4550575,3.3941795
6.4550575,3.3941795
6.4550575,3.3941795
6.4550575,3.3941795
6.4550575,3.3941795
6.4550575,3.3941795
6.4550575,3.3941795
6.4550575,3.3941795
-4.2694407,15.2712256
45.709097,-68.8590201
45.709097,-68.8590201
40.7902778,-73.9597222
53.2963636,-2.7114845
38.9509675,-121.697088
41.7944464,-87.5939244
41.7944464,-87.5939244
41.7944464,-87.5939244
33.78538945,-118.158049315311
33.78538945,-118.158049315311
52.7954791,-0.540240286617432
52.7954791,-0.540240286617432
52.7954791,-0.540240286617432
41.8523094,1.5745043
41.8523094,1.5745043
55.3343482,-1.5889104
34.2255804,139.294774527387
34.2255804,139.294774527387
34.2255804,139.294774527387
34.2255804,139.294774527387
47.0450197,-122.8948725
51.44035365,-0.308151177673228
51.44035365,-0.308151177673228
40.4167047,-3.7035825
40.4167047,-3.7035825
40.4167047,-3.7035825
55.7507178,37.6176606
45.421106,-75.690308
45.421106,-75.690308
54.9436482,-1.6798674
-1.2832533,36.8172449
-1.2832533,36.8172449
-1.2832533,36.8172449
6.4550575,3.3941795
39.2908816,-76.610759
39.2908816,-76.610759
51.7623178,-0.4816082
51.7623178,-0.4816082
18.5203062,73.8543185
18.5203062,73.8543185
18.5203062,73.8543185
18.5203062,73.8543185
18.5203062,73.8543185
18.5203062,73.8543185
18.5203062,73.8543185
18.5203062,73.8543185
18.5203062,73.8543185
18.5203062,73.8543185
18.5203062,73.8543185
18.5203062,73.8543185
18.5203062,73.8543185
18.5203062,73.8543185
18.5203062,73.8543185
18.5203062,73.8543185
18.5203062,73.8543185
18.5203062,73.8543185
18.5203062,73.8543185
18.5203062,73.8543185
18.5203062,73.8543185
18.5203062,73.8543185
18.5203062,73.8543185
18.5203062,73.8543185
18.5203062,73.8543185
18.5203062,73.8543185
18.5203062,73.8543185
18.5203062,73.8543185
18.5203062,73.8543185
18.5203062,73.8543185
18.5203062,73.8543185
18.5203062,73.8543185
18.5203062,73.8543185
18.5203062,73.8543185
18.5203062,73.8543185
18.5203062,73.8543185
18.5203062,73.8543185
18.5203062,73.8543185
18.5203062,73.8543185
18.5203062,73.8543185
18.5203062,73.8543185
18.5203062,73.8543185
18.5203062,73.8543185
18.5203062,73.8543185
18.5203062,73.8543185
18.5203062,73.8543185
2.0000003,15.9999997
2.0000003,15.9999997
-33.8548157,151.2164539
-33.8548157,151.2164539
41.3667951,2.0570346
41.3667951,2.0570346
9.0643305,7.4892974
9.0643305,7.4892974
9.0643305,7.4892974
9.0643305,7.4892974
-6.8142737,39.2803756
-6.8142737,39.2803756
-18.9249604,46.4416422
-18.9249604,46.4416422
39.7837304,-100.4458825
39.7837304,-100.4458825
39.7837304,-100.4458825
38.6272733,-90.1978889
40.7305991,-73.9865812
40.7305991,-73.9865812
40.7305991,-73.9865812
40.7305991,-73.9865812
38.8949549,-77.0366456
38.8949549,-77.0366456
38.8949549,-77.0366456
38.8949549,-77.0366456
38.8949549,-77.0366456
38.8949549,-77.0366456
38.8949549,-77.0366456
38.8949549,-77.0366456
38.8949549,-77.0366456
38.8949549,-77.0366456
38.8949549,-77.0366456
38.8949549,-77.0366456
38.8949549,-77.0366456
38.8949549,-77.0366456
38.8949549,-77.0366456
38.8949549,-77.0366456
38.8949549,-77.0366456
38.8949549,-77.0366456
38.8949549,-77.0366456
38.8949549,-77.0366456
59.9132694,10.7391112
59.9132694,10.7391112
59.9132694,10.7391112
59.9132694,10.7391112
39.2908816,-76.610759
46.25986545,-63.1420336837036
40.8078786,-73.9454154
39.188317,-77.6115402
46.2017559,6.1466014
46.2017559,6.1466014
20.5,86.25
20.5,86.25
51.0834196,10.4234469
51.0834196,10.4234469
10.22233765,12.1018146436997
10.22233765,12.1018146436997
10.22233765,12.1018146436997
10.22233765,12.1018146436997
45.4972159,-73.6103642
45.4972159,-73.6103642
28.6138967,77.2159562
28.6138967,77.2159562
34.054935,-118.244476
40.7694091,-73.1148664
40.7694091,-73.1148664
53.5120412,-2.2434612
53.5120412,-2.2434612
6.5003024,3.3457233
28.2111987,83.9585944
-6.1753942,106.827183
-6.1753942,106.827183
25.7742658,-80.1936589
25.7742658,-80.1936589
51.5073219,-0.1276474
20.0171109,103.378253
20.0171109,103.378253
45.9852129,24.6859225
51.7520131,-1.2578499
51.7520131,-1.2578499
30.2711286,-97.7436995
30.2711286,-97.7436995
23.7593572,90.3788136
29.7589382,-95.3676974
29.7589382,-95.3676974
52.0799838,4.3113461
31.8160381,-99.5120986
31.8160381,-99.5120986
51.2091902,-2.6470658
54.7023545,-3.2765753
54.7023545,-3.2765753
-17.831773,31.045686
-17.831773,31.045686
34.2331373,-102.4107493
34.2331373,-102.4107493
53.5437641,10.0099133
53.5437641,10.0099133
8.0300284,-1.0800271
8.0300284,-1.0800271
8.0300284,-1.0800271
8.0300284,-1.0800271
8.0300284,-1.0800271
8.0300284,-1.0800271
8.0300284,-1.0800271
8.0300284,-1.0800271
8.0300284,-1.0800271
23.0131338,-80.8328748
23.0131338,-80.8328748
23.0131338,-80.8328748
23.0131338,-80.8328748
23.0131338,-80.8328748
23.0131338,-80.8328748
23.0131338,-80.8328748
23.0131338,-80.8328748
23.0131338,-80.8328748
23.0131338,-80.8328748
23.0131338,-80.8328748
23.0131338,-80.8328748
23.0131338,-80.8328748
23.0131338,-80.8328748
23.0131338,-80.8328748
23.0131338,-80.8328748
23.0131338,-80.8328748
23.0131338,-80.8328748
23.0131338,-80.8328748
23.0131338,-80.8328748
23.0131338,-80.8328748
-17.0568696,-64.9912286
-17.0568696,-64.9912286
22.3511148,78.6677428
42.6055893,-83.1499304
42.6055893,-83.1499304
50.7829232,7.7344766
38.88900875,-77.0090434259771
1.5333554,32.2166578
1.4419683,38.4313975
1.4419683,38.4313975
1.4419683,38.4313975
1.4419683,38.4313975
1.4419683,38.4313975
1.4419683,38.4313975
1.4419683,38.4313975
1.4419683,38.4313975
1.4419683,38.4313975
9.6000359,7.9999721
9.6000359,7.9999721
-13.2687204,33.9301963
-13.2687204,33.9301963
-13.2687204,33.9301963
-13.2687204,33.9301963
-13.2687204,33.9301963
-13.2687204,33.9301963
-13.2687204,33.9301963
-13.2687204,33.9301963
-13.2687204,33.9301963
16.3700359,-2.2900239
8.0300284,-1.0800271
8.0300284,-1.0800271
8.0300284,-1.0800271
8.0300284,-1.0800271
8.0300284,-1.0800271
8.0300284,-1.0800271
8.0300284,-1.0800271
8.0300284,-1.0800271
8.0300284,-1.0800271
8.0300284,-1.0800271
8.0300284,-1.0800271
8.0300284,-1.0800271
8.0300284,-1.0800271
8.0300284,-1.0800271
8.0300284,-1.0800271
8.0300284,-1.0800271
8.0300284,-1.0800271
8.0300284,-1.0800271
8.0300284,-1.0800271
8.0300284,-1.0800271
8.0300284,-1.0800271
-25.2303005,121.0187246
-25.2303005,121.0187246
22.3511148,78.6677428
22.3511148,78.6677428
22.3511148,78.6677428
22.3511148,78.6677428
22.3511148,78.6677428
22.3511148,78.6677428
22.3511148,78.6677428
22.3511148,78.6677428
22.3511148,78.6677428
39.7837304,-100.4458825
39.7837304,-100.4458825
1.4419683,38.4313975
1.4419683,38.4313975
1.4419683,38.4313975
1.4419683,38.4313975
1.4419683,38.4313975
1.4419683,38.4313975
1.4419683,38.4313975
1.4419683,38.4313975
1.4419683,38.4313975
1.4419683,38.4313975
1.4419683,38.4313975
1.4419683,38.4313975
1.4419683,38.4313975
1.4419683,38.4313975
1.4419683,38.4313975
1.4419683,38.4313975
1.4419683,38.4313975
9.6000359,7.9999721
9.6000359,7.9999721
9.6000359,7.9999721
9.6000359,7.9999721
9.6000359,7.9999721
9.6000359,7.9999721
9.6000359,7.9999721
9.6000359,7.9999721
51.456659,-0.9696512
-13.2687204,33.9301963
-13.2687204,33.9301963
-13.2687204,33.9301963
-13.2687204,33.9301963
-13.2687204,33.9301963
-13.2687204,33.9301963
-13.2687204,33.9301963
-13.2687204,33.9301963
-13.2687204,33.9301963
-13.2687204,33.9301963
-13.2687204,33.9301963
-13.2687204,33.9301963
-13.2687204,33.9301963
-13.2687204,33.9301963
-13.2687204,33.9301963
-13.2687204,33.9301963
-13.2687204,33.9301963
61.0666922,-107.9917071
61.0666922,-107.9917071
32.7762719,-96.7968559
32.7762719,-96.7968559
-17.0568696,-64.9912286
-17.0568696,-64.9912286
32.2745912,-90.1320311
32.2745912,-90.1320311
9.6000359,7.9999721
9.6000359,7.9999721
9.6000359,7.9999721
9.6000359,7.9999721
9.6000359,7.9999721
9.6000359,7.9999721
9.6000359,7.9999721
9.6000359,7.9999721
9.6000359,7.9999721
9.6000359,7.9999721
9.6000359,7.9999721
9.6000359,7.9999721
9.6000359,7.9999721
-13.2687204,33.9301963
-13.2687204,33.9301963
-13.2687204,33.9301963
-13.2687204,33.9301963
-13.2687204,33.9301963
-13.2687204,33.9301963
-13.2687204,33.9301963
-13.2687204,33.9301963
-13.2687204,33.9301963
-13.2687204,33.9301963
-13.2687204,33.9301963
-13.2687204,33.9301963
-13.2687204,33.9301963
-13.2687204,33.9301963
-13.2687204,33.9301963
-13.2687204,33.9301963
-13.2687204,33.9301963
-13.2687204,33.9301963
-13.2687204,33.9301963
-13.2687204,33.9301963
-13.2687204,33.9301963
-13.2687204,33.9301963
-13.2687204,33.9301963
-13.2687204,33.9301963
-13.2687204,33.9301963
-13.2687204,33.9301963
-13.2687204,33.9301963
-13.2687204,33.9301963
-13.2687204,33.9301963
-13.2687204,33.9301963
-13.2687204,33.9301963
-13.2687204,33.9301963
-13.2687204,33.9301963
-13.2687204,33.9301963
-13.2687204,33.9301963
-13.2687204,33.9301963
-13.2687204,33.9301963
-13.2687204,33.9301963
-13.2687204,33.9301963
-13.2687204,33.9301963
-13.2687204,33.9301963
-13.2687204,33.9301963
-13.2687204,33.9301963
-13.2687204,33.9301963
-13.2687204,33.9301963
-13.2687204,33.9301963
-13.2687204,33.9301963
-13.2687204,33.9301963
-13.2687204,33.9301963
-13.2687204,33.9301963
-13.2687204,33.9301963
-13.2687204,33.9301963
-13.2687204,33.9301963
-13.2687204,33.9301963
-13.2687204,33.9301963
-13.2687204,33.9301963
-13.2687204,33.9301963
-13.2687204,33.9301963
-13.2687204,33.9301963
-13.2687204,33.9301963
-13.2687204,33.9301963
-13.2687204,33.9301963
-13.2687204,33.9301963
-13.2687204,33.9301963
-13.2687204,33.9301963
-13.2687204,33.9301963
-13.2687204,33.9301963
-13.2687204,33.9301963
-13.2687204,33.9301963
-13.2687204,33.9301963
-13.2687204,33.9301963
-13.2687204,33.9301963
-13.2687204,33.9301963
-13.2687204,33.9301963
-13.2687204,33.9301963
-13.2687204,33.9301963
-13.2687204,33.9301963
-13.2687204,33.9301963
-13.2687204,33.9301963
-13.2687204,33.9301963
-13.2687204,33.9301963
-13.2687204,33.9301963
-13.2687204,33.9301963
-13.2687204,33.9301963
-13.2687204,33.9301963
-13.2687204,33.9301963
-13.2687204,33.9301963
-13.2687204,33.9301963
-13.2687204,33.9301963
-13.2687204,33.9301963
-13.2687204,33.9301963
-13.2687204,33.9301963
-13.2687204,33.9301963
-13.2687204,33.9301963
-13.2687204,33.9301963
-13.2687204,33.9301963
-13.2687204,33.9301963
-13.2687204,33.9301963
-13.2687204,33.9301963
-13.2687204,33.9301963
-13.2687204,33.9301963
-13.2687204,33.9301963
-13.2687204,33.9301963
-13.2687204,33.9301963
-13.2687204,33.9301963
-13.2687204,33.9301963
-13.2687204,33.9301963
-13.2687204,33.9301963
-13.2687204,33.9301963
-13.2687204,33.9301963
-13.2687204,33.9301963
-13.2687204,33.9301963
-13.2687204,33.9301963
-13.2687204,33.9301963
-13.2687204,33.9301963
-13.2687204,33.9301963
-13.2687204,33.9301963
-13.2687204,33.9301963
-13.2687204,33.9301963
-13.2687204,33.9301963
-13.2687204,33.9301963
-13.2687204,33.9301963
-13.2687204,33.9301963
-13.2687204,33.9301963
-13.2687204,33.9301963
-13.2687204,33.9301963
-13.2687204,33.9301963
-13.2687204,33.9301963
-13.2687204,33.9301963
-13.2687204,33.9301963
-13.2687204,33.9301963
-13.2687204,33.9301963
-13.2687204,33.9301963
-13.2687204,33.9301963
-13.2687204,33.9301963
-13.2687204,33.9301963
8.0300284,-1.0800271
8.0300284,-1.0800271
8.0300284,-1.0800271
8.0300284,-1.0800271
8.0300284,-1.0800271
8.0300284,-1.0800271
8.0300284,-1.0800271
8.0300284,-1.0800271
8.0300284,-1.0800271
8.0300284,-1.0800271
8.0300284,-1.0800271
8.0300284,-1.0800271
8.0300284,-1.0800271
8.0300284,-1.0800271
8.0300284,-1.0800271
8.0300284,-1.0800271
8.0300284,-1.0800271
8.0300284,-1.0800271
8.0300284,-1.0800271
8.0300284,-1.0800271
8.0300284,-1.0800271
8.0300284,-1.0800271
8.0300284,-1.0800271
8.0300284,-1.0800271
8.0300284,-1.0800271
8.0300284,-1.0800271
8.0300284,-1.0800271
8.0300284,-1.0800271
8.0300284,-1.0800271
8.0300284,-1.0800271
8.0300284,-1.0800271
8.0300284,-1.0800271
8.0300284,-1.0800271
8.0300284,-1.0800271
8.0300284,-1.0800271
8.0300284,-1.0800271
8.0300284,-1.0800271
8.0300284,-1.0800271
8.0300284,-1.0800271
8.0300284,-1.0800271
8.0300284,-1.0800271
8.0300284,-1.0800271
8.0300284,-1.0800271
8.0300284,-1.0800271
8.0300284,-1.0800271
8.0300284,-1.0800271
8.0300284,-1.0800271
8.0300284,-1.0800271
8.0300284,-1.0800271
8.0300284,-1.0800271
8.0300284,-1.0800271
8.0300284,-1.0800271
8.0300284,-1.0800271
8.0300284,-1.0800271
8.0300284,-1.0800271
8.0300284,-1.0800271
8.0300284,-1.0800271
8.0300284,-1.0800271
8.0300284,-1.0800271
8.0300284,-1.0800271
8.0300284,-1.0800271
8.0300284,-1.0800271
8.0300284,-1.0800271
8.0300284,-1.0800271
8.0300284,-1.0800271
8.0300284,-1.0800271
8.0300284,-1.0800271
8.0300284,-1.0800271
8.0300284,-1.0800271
8.0300284,-1.0800271
8.0300284,-1.0800271
8.0300284,-1.0800271
8.0300284,-1.0800271
8.0300284,-1.0800271
8.0300284,-1.0800271
8.0300284,-1.0800271
8.0300284,-1.0800271
8.0300284,-1.0800271
8.0300284,-1.0800271
8.0300284,-1.0800271
8.0300284,-1.0800271
8.0300284,-1.0800271
8.0300284,-1.0800271
8.0300284,-1.0800271
8.0300284,-1.0800271
8.0300284,-1.0800271
8.0300284,-1.0800271
8.0300284,-1.0800271
8.0300284,-1.0800271
8.0300284,-1.0800271
8.0300284,-1.0800271
8.0300284,-1.0800271
8.0300284,-1.0800271
8.0300284,-1.0800271
8.0300284,-1.0800271
8.0300284,-1.0800271
8.0300284,-1.0800271
8.0300284,-1.0800271
8.0300284,-1.0800271
8.0300284,-1.0800271
8.0300284,-1.0800271
8.0300284,-1.0800271
8.0300284,-1.0800271
8.0300284,-1.0800271
8.0300284,-1.0800271
8.0300284,-1.0800271
8.0300284,-1.0800271
8.0300284,-1.0800271
8.0300284,-1.0800271
8.0300284,-1.0800271
8.0300284,-1.0800271
8.0300284,-1.0800271
8.0300284,-1.0800271
8.0300284,-1.0800271
8.0300284,-1.0800271
8.0300284,-1.0800271
8.0300284,-1.0800271
8.0300284,-1.0800271
8.0300284,-1.0800271
8.0300284,-1.0800271
8.0300284,-1.0800271
8.0300284,-1.0800271
8.0300284,-1.0800271
8.0300284,-1.0800271
8.0300284,-1.0800271
8.0300284,-1.0800271
8.0300284,-1.0800271
8.0300284,-1.0800271
8.0300284,-1.0800271
8.0300284,-1.0800271
8.0300284,-1.0800271
8.0300284,-1.0800271
8.0300284,-1.0800271
8.0300284,-1.0800271
8.0300284,-1.0800271
8.0300284,-1.0800271
8.0300284,-1.0800271
8.0300284,-1.0800271
8.0300284,-1.0800271
8.0300284,-1.0800271
46.2017559,6.1466014
46.2017559,6.1466014
23.0131338,-80.8328748
23.0131338,-80.8328748
23.0131338,-80.8328748
23.0131338,-80.8328748
23.0131338,-80.8328748
23.0131338,-80.8328748
23.0131338,-80.8328748
23.0131338,-80.8328748
23.0131338,-80.8328748
23.0131338,-80.8328748
23.0131338,-80.8328748
23.0131338,-80.8328748
23.0131338,-80.8328748
23.0131338,-80.8328748
23.0131338,-80.8328748
23.0131338,-80.8328748
23.0131338,-80.8328748
23.0131338,-80.8328748
23.0131338,-80.8328748
23.0131338,-80.8328748
23.0131338,-80.8328748
23.0131338,-80.8328748
23.0131338,-80.8328748
23.0131338,-80.8328748
23.0131338,-80.8328748
23.0131338,-80.8328748
23.0131338,-80.8328748
23.0131338,-80.8328748
23.0131338,-80.8328748
23.0131338,-80.8328748
23.0131338,-80.8328748
23.0131338,-80.8328748
23.0131338,-80.8328748
23.0131338,-80.8328748
23.0131338,-80.8328748
23.0131338,-80.8328748
23.0131338,-80.8328748
23.0131338,-80.8328748
23.0131338,-80.8328748
23.0131338,-80.8328748
23.0131338,-80.8328748
23.0131338,-80.8328748
23.0131338,-80.8328748
23.0131338,-80.8328748
23.0131338,-80.8328748
23.0131338,-80.8328748
23.0131338,-80.8328748
23.0131338,-80.8328748
23.0131338,-80.8328748
23.0131338,-80.8328748
23.0131338,-80.8328748
23.0131338,-80.8328748
23.0131338,-80.8328748
23.0131338,-80.8328748
23.0131338,-80.8328748
23.0131338,-80.8328748
23.0131338,-80.8328748
23.0131338,-80.8328748
23.0131338,-80.8328748
23.0131338,-80.8328748
23.0131338,-80.8328748
23.0131338,-80.8328748
23.0131338,-80.8328748
23.0131338,-80.8328748
23.0131338,-80.8328748
23.0131338,-80.8328748
23.0131338,-80.8328748
23.0131338,-80.8328748
23.0131338,-80.8328748
23.0131338,-80.8328748
23.0131338,-80.8328748
23.0131338,-80.8328748
23.0131338,-80.8328748
23.0131338,-80.8328748
23.0131338,-80.8328748
23.0131338,-80.8328748
23.0131338,-80.8328748
23.0131338,-80.8328748
23.0131338,-80.8328748
23.0131338,-80.8328748
23.0131338,-80.8328748
23.0131338,-80.8328748
23.0131338,-80.8328748
23.0131338,-80.8328748
23.0131338,-80.8328748
23.0131338,-80.8328748
23.0131338,-80.8328748
23.0131338,-80.8328748
23.0131338,-80.8328748
23.0131338,-80.8328748
23.0131338,-80.8328748
23.0131338,-80.8328748
23.0131338,-80.8328748
23.0131338,-80.8328748
23.0131338,-80.8328748
23.0131338,-80.8328748
23.0131338,-80.8328748
23.0131338,-80.8328748
14.8971921,100.83273
40.8825914,40.275324264809
40.8825914,40.275324264809
40.8825914,40.275324264809
40.8825914,40.275324264809
40.8825914,40.275324264809
40.8825914,40.275324264809
-6.5247123,35.7878438
-6.5247123,35.7878438
-6.5247123,35.7878438
-6.5247123,35.7878438
-6.5247123,35.7878438
-6.5247123,35.7878438
-6.5247123,35.7878438
-6.5247123,35.7878438
-6.5247123,35.7878438
-6.5247123,35.7878438
-6.5247123,35.7878438
-6.5247123,35.7878438
-6.5247123,35.7878438
-6.5247123,35.7878438
-6.5247123,35.7878438
-6.5247123,35.7878438
-6.5247123,35.7878438
-6.5247123,35.7878438
-6.5247123,35.7878438
-6.5247123,35.7878438
-6.5247123,35.7878438
-6.5247123,35.7878438
38.0464066,-84.4970393
38.0464066,-84.4970393
31.583333,76.25
31.583333,76.25
31.583333,76.25
31.583333,76.25
1.4419683,38.4313975
1.4419683,38.4313975
1.4419683,38.4313975
1.4419683,38.4313975
1.4419683,38.4313975
1.4419683,38.4313975
1.4419683,38.4313975
1.4419683,38.4313975
1.4419683,38.4313975
1.4419683,38.4313975
1.4419683,38.4313975
1.4419683,38.4313975
1.4419683,38.4313975
1.4419683,38.4313975
1.4419683,38.4313975
1.4419683,38.4313975
1.4419683,38.4313975
1.4419683,38.4313975
1.4419683,38.4313975
1.4419683,38.4313975
1.4419683,38.4313975
1.4419683,38.4313975
1.4419683,38.4313975
1.4419683,38.4313975
1.4419683,38.4313975
1.4419683,38.4313975
1.4419683,38.4313975
1.4419683,38.4313975
1.4419683,38.4313975
1.4419683,38.4313975
1.4419683,38.4313975
1.4419683,38.4313975
1.4419683,38.4313975
1.4419683,38.4313975
1.4419683,38.4313975
1.4419683,38.4313975
1.4419683,38.4313975
1.4419683,38.4313975
1.4419683,38.4313975
1.4419683,38.4313975
1.4419683,38.4313975
1.4419683,38.4313975
1.4419683,38.4313975
1.4419683,38.4313975
1.4419683,38.4313975
1.4419683,38.4313975
1.4419683,38.4313975
1.4419683,38.4313975
1.4419683,38.4313975
1.4419683,38.4313975
1.4419683,38.4313975
1.4419683,38.4313975
1.4419683,38.4313975
1.4419683,38.4313975
1.4419683,38.4313975
1.4419683,38.4313975
1.4419683,38.4313975
1.4419683,38.4313975
1.4419683,38.4313975
1.4419683,38.4313975
1.4419683,38.4313975
1.4419683,38.4313975
1.4419683,38.4313975
1.4419683,38.4313975
1.4419683,38.4313975
1.4419683,38.4313975
1.4419683,38.4313975
1.4419683,38.4313975
1.4419683,38.4313975
1.4419683,38.4313975
1.4419683,38.4313975
1.4419683,38.4313975
1.4419683,38.4313975
1.4419683,38.4313975
1.4419683,38.4313975
1.4419683,38.4313975
1.4419683,38.4313975
1.4419683,38.4313975
1.4419683,38.4313975
1.4419683,38.4313975
1.4419683,38.4313975
1.4419683,38.4313975
1.4419683,38.4313975
1.4419683,38.4313975
1.4419683,38.4313975
1.4419683,38.4313975
1.4419683,38.4313975
1.4419683,38.4313975
1.4419683,38.4313975
1.4419683,38.4313975
1.4419683,38.4313975
1.4419683,38.4313975
1.4419683,38.4313975
1.4419683,38.4313975
1.4419683,38.4313975
1.4419683,38.4313975
1.4419683,38.4313975
1.4419683,38.4313975
1.4419683,38.4313975
1.4419683,38.4313975
1.4419683,38.4313975
1.4419683,38.4313975
1.4419683,38.4313975
1.4419683,38.4313975
1.4419683,38.4313975
1.4419683,38.4313975
1.4419683,38.4313975
1.4419683,38.4313975
1.4419683,38.4313975
1.4419683,38.4313975
1.4419683,38.4313975
1.4419683,38.4313975
1.4419683,38.4313975
1.4419683,38.4313975
1.4419683,38.4313975
1.4419683,38.4313975
1.4419683,38.4313975
1.4419683,38.4313975
1.4419683,38.4313975
1.4419683,38.4313975
1.4419683,38.4313975
1.4419683,38.4313975
1.4419683,38.4313975
1.4419683,38.4313975
1.4419683,38.4313975
1.4419683,38.4313975
1.4419683,38.4313975
1.4419683,38.4313975
1.4419683,38.4313975
1.4419683,38.4313975
1.4419683,38.4313975
1.4419683,38.4313975
1.4419683,38.4313975
1.4419683,38.4313975
1.4419683,38.4313975
1.4419683,38.4313975
1.4419683,38.4313975
1.4419683,38.4313975
1.4419683,38.4313975
1.4419683,38.4313975
1.4419683,38.4313975
1.4419683,38.4313975
1.4419683,38.4313975
1.4419683,38.4313975
8.0300284,-1.0800271
8.0300284,-1.0800271
33.4144139,-111.9094474
33.4144139,-111.9094474
43.6463558,0.5850507
43.6463558,0.5850507
42.80009565,-1.65810467929369
42.80009565,-1.65810467929369
42.80009565,-1.65810467929369
42.80009565,-1.65810467929369
42.80009565,-1.65810467929369
42.80009565,-1.65810467929369
42.80009565,-1.65810467929369
42.80009565,-1.65810467929369
42.80009565,-1.65810467929369
42.80009565,-1.65810467929369
1.5333554,32.2166578
1.5333554,32.2166578
52.3685848,4.8902006
52.3685848,4.8902006